-- MariaDB dump 10.19  Distrib 10.11.3-MariaDB, for debian-linux-gnu (x86_64)
--
-- Host: localhost    Database: mysitedb
-- ------------------------------------------------------
-- Server version	10.11.3-MariaDB-1

/*!40101 SET @OLD_CHARACTER_SET_CLIENT=@@CHARACTER_SET_CLIENT */;
/*!40101 SET @OLD_CHARACTER_SET_RESULTS=@@CHARACTER_SET_RESULTS */;
/*!40101 SET @OLD_COLLATION_CONNECTION=@@COLLATION_CONNECTION */;
/*!40101 SET NAMES utf8mb4 */;
/*!40103 SET @OLD_TIME_ZONE=@@TIME_ZONE */;
/*!40103 SET TIME_ZONE='+00:00' */;
/*!40014 SET @OLD_UNIQUE_CHECKS=@@UNIQUE_CHECKS, UNIQUE_CHECKS=0 */;
/*!40014 SET @OLD_FOREIGN_KEY_CHECKS=@@FOREIGN_KEY_CHECKS, FOREIGN_KEY_CHECKS=0 */;
/*!40101 SET @OLD_SQL_MODE=@@SQL_MODE, SQL_MODE='NO_AUTO_VALUE_ON_ZERO' */;
/*!40111 SET @OLD_SQL_NOTES=@@SQL_NOTES, SQL_NOTES=0 */;

--
-- Table structure for table `tComentarios`
--

DROP TABLE IF EXISTS `tComentarios`;
/*!40101 SET @saved_cs_client     = @@character_set_client */;
/*!40101 SET character_set_client = utf8 */;
CREATE TABLE `tComentarios` (
  `id` int(11) NOT NULL AUTO_INCREMENT,
  `comentario` varchar(2000) DEFAULT NULL,
  `usuario_id` int(11) DEFAULT NULL,
  `juego_id` int(11) NOT NULL,
  PRIMARY KEY (`id`),
  KEY `usuario_id` (`usuario_id`),
  KEY `juego_id` (`juego_id`),
  CONSTRAINT `tComentarios_ibfk_1` FOREIGN KEY (`usuario_id`) REFERENCES `tUsuarios` (`id`),
  CONSTRAINT `tComentarios_ibfk_2` FOREIGN KEY (`juego_id`) REFERENCES `tJuegos` (`id`)
) ENGINE=InnoDB AUTO_INCREMENT=7 DEFAULT CHARSET=utf8mb4 COLLATE=utf8mb4_general_ci;
/*!40101 SET character_set_client = @saved_cs_client */;

--
-- Dumping data for table `tComentarios`
--

LOCK TABLES `tComentarios` WRITE;
/*!40000 ALTER TABLE `tComentarios` DISABLE KEYS */;
INSERT INTO `tComentarios` VALUES
(2,'Buenisimo',2,1),
(3,'Muy bueno por su precio',1,4),
(4,'Una estafa',5,3),
(5,'Si te gustan los coches es perfecto',3,5),
(6,'Buen shooter',4,2);
/*!40000 ALTER TABLE `tComentarios` ENABLE KEYS */;
UNLOCK TABLES;

--
-- Table structure for table `tJuegos`
--

DROP TABLE IF EXISTS `tJuegos`;
/*!40101 SET @saved_cs_client     = @@character_set_client */;
/*!40101 SET character_set_client = utf8 */;
CREATE TABLE `tJuegos` (
  `id` int(11) NOT NULL AUTO_INCREMENT,
  `nombre` varchar(50) DEFAULT NULL,
  `url_imagen` varchar(200) DEFAULT NULL,
  `precio` float DEFAULT NULL,
  `plataforma` varchar(50) DEFAULT NULL,
  PRIMARY KEY (`id`)
) ENGINE=InnoDB AUTO_INCREMENT=6 DEFAULT CHARSET=utf8mb4 COLLATE=utf8mb4_general_ci;
/*!40101 SET character_set_client = @saved_cs_client */;

--
-- Dumping data for table `tJuegos`
--

LOCK TABLES `tJuegos` WRITE;
/*!40000 ALTER TABLE `tJuegos` DISABLE KEYS */;
INSERT INTO `tJuegos` VALUES
(1,'Doom','https://static.wikia.nocookie.net/wadguia/images/2/22/Doom_Classic.jpg/revision/latest?cb=20140923005440',22.5,'PC'),
(2,'Valorant','https://i.blogs.es/ebd58c/unnamed/1366_2000.jpg',0,'PC'),
(3,'EA FC 24','https://image.api.playstation.com/vulcan/ap/rnd/202307/0710/02c58aabf3579a5b5d9ff4ae72775e46c5d0e23d2bb1c020.png',70,'Playstation5'),
(4,'Danganrompa','https://m.media-amazon.com/images/I/81soG-Z-UPL._AC_UF1000,1000_QL80_.jpg',19.99,'PSP'),
(5,'Forza Horizon 5','https://cdn.cdkeys.com/500x706/media/catalog/product/u/n/untitled-1_2.jpg',50,'Xbox One');
/*!40000 ALTER TABLE `tJuegos` ENABLE KEYS */;
UNLOCK TABLES;

--
-- Table structure for table `tUsuarios`
--

DROP TABLE IF EXISTS `tUsuarios`;
/*!40101 SET @saved_cs_client     = @@character_set_client */;
/*!40101 SET character_set_client = utf8 */;
CREATE TABLE `tUsuarios` (
  `id` int(11) NOT NULL AUTO_INCREMENT,
  `nombre` varchar(50) DEFAULT NULL,
  `apellidos` varchar(100) DEFAULT NULL,
  `email` varchar(200) DEFAULT NULL,
  `contraseña` varchar(200) DEFAULT NULL,
  PRIMARY KEY (`id`),
  UNIQUE KEY `email` (`email`)
) ENGINE=InnoDB AUTO_INCREMENT=6 DEFAULT CHARSET=utf8mb4 COLLATE=utf8mb4_general_ci;
/*!40101 SET character_set_client = @saved_cs_client */;

--
-- Dumping data for table `tUsuarios`
--

LOCK TABLES `tUsuarios` WRITE;
/*!40000 ALTER TABLE `tUsuarios` DISABLE KEYS */;
INSERT INTO `tUsuarios` VALUES
(1,'Gabriel','Alonso Varela','gabalovar@gmail.com','12345'),
(2,'Julian','Perez Lopez','fsdfdsfsd@gmail.com','fasdfsada'),
(3,'Pepe','Gonzalez Blanco','ñfkdjem54@gmail.com','knvnckf4'),
(4,'Oscar','Ramires Salubre','856fdfsfdcx@gmail.com','58fdf12'),
(5,'Alphonse','Davies Mcmanaman','dsaffd89fdsfsd@gmail.com','dandjkshcd8');
/*!40000 ALTER TABLE `tUsuarios` ENABLE KEYS */;
UNLOCK TABLES;
/*!40103 SET TIME_ZONE=@OLD_TIME_ZONE */;

/*!40101 SET SQL_MODE=@OLD_SQL_MODE */;
/*!40014 SET FOREIGN_KEY_CHECKS=@OLD_FOREIGN_KEY_CHECKS */;
/*!40014 SET UNIQUE_CHECKS=@OLD_UNIQUE_CHECKS */;
/*!40101 SET CHARACTER_SET_CLIENT=@OLD_CHARACTER_SET_CLIENT */;
/*!40101 SET CHARACTER_SET_RESULTS=@OLD_CHARACTER_SET_RESULTS */;
/*!40101 SET COLLATION_CONNECTION=@OLD_COLLATION_CONNECTION */;
/*!40111 SET SQL_NOTES=@OLD_SQL_NOTES */;

-- Dump completed on 2023-10-16 16:08:38
